"c(tf_bnd_genes, genes)"
ACTB
ACTN4
ADD1
PARP1
PARP1
TLE5
AGTR2
NR0B1
NR0B1
AHR
ANXA4
APBB1
APBB1
APBB2
APBB2
APEX1
AR
AR
ARNT
ARNTL
ARRB1
ARRB1
ASCL1
ATF4
ATF4
RERE
BBS1
BBS2
BBS4
CCND1
BCL2
BCL3
KLF5
C1QBP
C1QBP
CALR
CCNT1
CCNT2
CD34
CDC5L
CDK9
CDKN2A
CEBPA
CEBPB
CEBPG
CENPF
CHD4
CREB1
CREB1
ATF2
ATF2
CREBBP
CREBBP
CREBBP
CREBBP
CREM
CRX
CRY1
MAPK14
CSNK2B
NKX2-5
CTBP1
CTBP2
CTBP2
CTNNB1
CTNNB1
CTNNB1
CTNNB1
DGKQ
DAPK3
DAXX
DAXX
DDIT3
DDIT3
DDIT3
DDX3X
DDX5
DHX9
DNMT3A
DR1
DR1
DR1
ATN1
E2F1
E2F2
E2F4
E2F5
EGR2
EIF4E
ELK1
EP300
EP300
EPAS1
ERCC1
ERCC3
ERCC3
ERCC4
FBL
ESR1
ESRRB
ETS1
EYA2
EZH2
BPTF
FBP1
FHL2
FHL2
FHL2
FOXF2
FOXC1
FOXO1
FLNA
FLT3
FOS
FOSB
MTOR
GABPA
GATA1
GATA2
GATA3
GATA4
GATA4
GATA4
GATA6
GATA6
GBX2
KAT2A
GLI2
GPX3
GSK3B
GTF2A1
GTF2A1
GTF2A2
GTF2A2
GTF2A2
GTF2B
GTF2B
GTF2F1
GTF2F1
GTF2H1
GTF2I
BRF1
HCFC1
HCLS1
HDAC1
HDAC1
HDAC2
HDGF
HHEX
HHEX
HHEX
HIF1A
HMGB1
HMGB2
HMGA1
NR4A1
FOXA1
FOXA2
FOXA3
HNF4A
HNRNPD
HNRNPF
HNRNPU
HNRNPU
HOXA7
PRMT2
PRMT2
HES1
HES1
HSF1
DNAJA1
HSPB1
HYAL1
ID1
ID2
ID3
IFI16
IFI27
IGHMBP2
RBPJ
RBPJ
PDX1
IRF4
ISL1
ISL1
JARID2
JUN
JUN
JUNB
JUND
JUND
JUP
LMO2
SMAD2
SMAD3
SMAD4
SMAD4
MAGEA2
MDFI
MECP2
MEF2A
MEF2C
MEF2D
MEIS2
CIITA
CIITA
MAP3K10
FOXO4
MYC
MYOD1
MYOD1
NAB1
NAB2
NBN
DRG1
NEUROD1
NFATC1
NFATC1
NFATC1
NFATC2
NFIA
NFATC3
NFATC4
NFE2L2
NFE2L2
NFKB1
NFKBIA
NFKBIA
NFKBIA
NFYB
NFYC
NHLH2
NKX2-2
NKX3-1
NKX3-1
CNOT2
NOTCH2
NPM1
NPM1
NR4A2
NR4A2
PAX2
PAX6
PBX2
PCNA
ENPP2
PER1
PGR
PHF1
PIM1
PIK3R1
PITX1
PITX2
EXOSC9
PRRX1
POU1F1
PPARA
PPARA
PPARA
PPARD
PPARD
PPARD
PPARG
PPARG
PPARG
PPARG
MED1
MED1
MED1
MED1
MED1
PPID
PPID
PRKCB
PKN1
PRKDC
MAPK1
MAPK9
PROX1
PSMA6
PSMC1
PSMC2
PSMC5
PSMC5
PSMC5
PSMD9
PSMD10
PTMA
PTPN2
PTPRN
PURA
PURB
RARA
RARB
RARG
RB1
RB1
RBBP8
RBL1
RBL1
RBL2
RELA
REST
RNF4
RNF6
RORA
RORB
RPS3
RXRA
TRAPPC2
SIX1
SIX3
SKI
SMARCA1
SMARCA4
SMARCA4
SMARCB1
SMARCD3
SMARCE1
SMARCE1
SOX9
SOX10
SP1
SP1
SPI1
SPI1
SRC
SRI
SRF
SRF
SRY
STAT1
STAT3
STAT5B
STK4
STRN
TBXT
TBXT
TACC1
TAF1
TAF1
TAF4
TAF4B
TAF6
TAF7
TAF7
TAF9
TAF10
TAF11
TAF11
TAF12
TAF12
TAF13
TAL1
TBL1X
TBP
TBP
TBX5
TBX6
TCF4
TBX3
TCF3
TCF7L2
TCF12
TCF21
TCF21
MLX
TDG
TEAD3
TERT
TFAM
TFCP2
TFDP1
TFDP2
TGFB1I1
THRA
THRA
THRB
NKX2-1
TLE1
TLE1
TLE1
TLE2
TLE3
TLE4
TMF1
TP53
TP53BP1
TP53BP2
TP73
TRIP6
HIRA
TWIST1
UBE2I
SUMO1
NR1H2
USF1
USF2
VDR
VDR
VHL
YWHAH
YWHAZ
ZBTB17
USP7
MAFK
KAT6A
NR4A3
LHX3
HMGA2
MKKS
NCOA3
NCOA3
NCOA3
NCOA3
NRIP1
NRIP1
USP11
KDM5D
ARID1A
EOMES
GFI1B
H2BC9
NR0B2
NR0B2
TEAD2
GCM1
LMO4
BHLHE40
BHLHE40
PIAS1
RUVBL1
RUVBL1
OASL
NCOA1
NCOA1
NCOA1
NCOA1
EDF1
EED
TNFRSF10A
TRIM24
HDAC3
HDAC3
KAT2B
NR1I2
LDB1
LDB1
PER3
PER2
BUD31
CPNE1
BCL10
BCL10
BCL10
FOXH1
TAF1B
UBA3
AIP
AIP
PIAS2
PIAS2
LDB2
MTA1
MTA1
LATS1
CTDP1
ARHGEF2
MTA2
MTA2
NOLC1
MED14
KLF4
KLF4
KLF4
TRIP12
HMGN3
TRIP4
TRIP4
ZNHIT3
RPL23
HAND1
HAND1
MED17
MED17
HAND2
NR1D1
NR1D1
RNF14
NCOR1
NCOR1
NCOR2
NCOR2
ZNF516
VGLL4
DCAF1
DCAF1
HDAC9
HDAC9
HDAC9
SETD1A
HDAC4
KEAP1
KEAP1
MED24
MED24
ARNT2
MAFB
THRAP3
THRAP3
MED12
MED12
MED13
MED13
NR1H4
NR1H4
RBX1
MED6
HDAC6
HDAC5
MED16
MED16
UBA2
SORBS3
TRIB1
AKAP8
SAP18
APBB3
PIAS3
YAP1
MAD2L2
SLC30A9
TADA3
NCOA2
NCOA2
MYBBP1A
KAT5
ATG7
TACC2
DRAP1
DRAP1
GAS2L1
NFAT5
SIX2
TOB2
NEK6
PPP1R13L
RUVBL2
RUVBL2
ARID5A
PPARGC1A
PPARGC1A
PPARGC1A
PPARGC1A
BRD8
TCERG1
EHMT2
ATF7
WWP2
WWP2
PRDM5
PRDM5
CIT
PTPRT
FAF1
BAZ2A
DDX20
PADI2
SNF8
PARK7
PHB2
CBX3
MTF2
SIRT2
SIRT2
SNW1
SNW1
TRIM32
PDCD11
SPEN
CNOT1
KDM1A
KDM1A
KDM1A
NCOA6
NCOA6
CAND2
KDM4C
PPRC1
CAMTA2
PPP1R13B
CRTC1
CRTC1
SIRT1
ZFPM2
ZFPM2
GRIP1
GRIP1
HEY1
CBX5
HEY2
HEY2
SUZ12
KAT6B
PRAME
PRAME
RBFOX2
WBP2
ZMYND8
FAM89B
FAM89B
GABARAPL1
PRPF6
BRMS1
DCAF13
RNF19A
SIN3A
SIN3A
UBXN7
IRF2BP1
NOC2L
NOC2L
ANKRD2
ANKRD2
HEYL
PELP1
ANKRD1
ANKRD1
FOXP1
STK36
NAAA
CSDC2
DLL1
TRIB2
HIPK2
HIPK2
MED4
MED4
BRD7
CNOT7
MDFIC
MDFIC
MDFIC
SOX8
PARD6A
FOXP3
FOXP3
SOST
GMNN
MLXIPL
CHCHD2
LEF1
TFDP3
DACT1
ZBTB7A
ZBTB7A
CXXC5
HDAC7
PIAS4
NOP58
SUFU
SUFU
NLK
MIER2
HES2
ZNHIT6
BCAS3
BCOR
NCAPG2
WIPI1
TRIM68
BBS7
BRF2
HES6
HES6
MED29
LYAR
HIF1AN
YEATS2
TXLNG
LRIF1
TRERF1
BDP1
KDM3A
CAND1
BEX1
HDAC8
DMAP1
DHX33
TBX20
SALL4
MTA3
RPTOR
PHF12
MIER1
HES4
NFE4
WIZ
NIF3L1
PRDM16
MMS19
RNF25
SOX17
NSD1
NSD1
IKZF4
POLR1E
NUCKS1
CRTC3
DDRGK1
DUSP26
DDX54
BHLHE41
BHLHE41
PAGR1
PAGR1
BBS10
EHMT1
TLE6
HDAC11
SETD6
FRMD1
ZNF703
CDK5RAP3
THAP7
TRIM11
MED25
PARP9
MIXL1
MIXL1
ZNF644
KAT8
CHD6
SETD3
LCOR
CCDC62
HES7
FAM220A
ZNF503
ATOH8
FIZ1
RERG
MED30
MED30
MTDH
MTDH
MYOCD
MYOCD
FOXP2
PAXBP1
NLRP3
ZNF618
UHRF2
ZNF653
MED12L
TRIM6
TTC8
METTL23
BBS5
PPARGC1B
PPARGC1B
NCOA7
TAF1L
TAF1L
PASD1
TCP10L
GSC
SRARP
SRARP
COMMD7
COMMD7
SIK1
TCF23
DTX3L
DNAAF4
DNAAF4
ZFPM1
ZFPM1
ZFPM1
ZNF296
ZBTB49
MIER3
ZNF366
ZNF366
DACT2
COMMD6
COMMD6
ASXL1
SDR16C5
CRTC2
MED19
JMJD1C
KDM1B
MAGEA2B
KCTD1
KCTD1
STING1
FIGLA
HES5
HES3
SUMO1P1
TAF11L2
SCX
FAM220BP
TLE7
ABCA2
ABL1
ACTA2
ACTN4
ACTL6A
ACTL6A
ACTL6A
ACTN1
ACTN2
ACVR1
ACVR1
ACVR1
ACVR1B
ACVR1B
ACVR2A
ACVR2B
ACVR2B
ACVRL1
ACVRL1
ACVRL1
ADAM8
ADCY1
ADCY8
ADCYAP1
ADCYAP1
ADORA2A
ADORA3
PARP1
PARP1
ADRB2
AEBP1
AEBP1
TLE5
TLE5
AGER
AGER
JAG1
AGT
AGT
NR0B1
NR0B1
NR0B1
AHR
AHR
AHR
AKT1
AKT1
AKT1
ALK
ALX3
AMH
ANXA3
ANXA4
APBB1
APBB1
APBB1
APBB1
APBB2
AIRE
AIRE
AIRE
APEX1
APEX1
BIRC2
BIRC5
APOBEC1
APOE
APOE
APP
FASLG
AR
AR
AR
ARF4
RHOG
RHOH
PHOX2A
PHOX2A
PHOX2A
ARNT
ARNT
ARNT
ARNTL
ARNTL
ARNTL
ARNTL
ARNTL
ARRB1
ARRB1
ARRB2
ASCL1
ASCL1
ASCL2
ASCL2
ZFHX3
ZFHX3
ZFHX3
ZFHX3
ZFHX3
ATF1
ATF1
ATF3
ATF3
ATF3
ATF3
ATF4
ATF4
ATF4
ATF4
ATF4
ATF4
ATF4
ATM
RERE
ATOH1
ATOH1
ATP2B4
ATRX
ATRX
ATRX
BACH1
BACH1
BACH1
BACH1
BACH1
NKX3-2
NKX3-2
CCND1
BCL3
BCL3
BCL6
BCL6
BCL6
BCL6
BCL7A
BCL9
PRDM1
PRDM1
BLM
BNC1
BNC1
BMI1
BMI1
BMP2
BMP2
BMP2
BMP2
BMP4
BMP4
BMP4
BMP4
BMP5
BMP6
BMP6
BMP6
BMP6
BMP7
BMP7
BMP7
BMP7
BMPR1A
BMPR1A
BMPR1A
BMPR1B
BMPR2
BMPR2
FOXL2
FOXL2
FOXL2
BRCA1
BRCA1
BRCA1
BRCA1
BRCA2
BRCA2
BRDT
BRDT
KLF9
KLF5
KLF5
KLF5
BTG1
BTK
C1QBP
MYRF
MYRF
MYRF
CA9
CALCA
CALR
CALR
CAMK4
CAMK2A
CAMK2D
CAPN3
CAPN3
CAT
CAV1
CAV1
RUNX2
RUNX2
RUNX2
RUNX2
RUNX1
RUNX1
RUNX1
RUNX1
RUNX1T1
RUNX1T1
CBFA2T3
CBFA2T3
CBFA2T3
RUNX3
RUNX3
RUNX3
RUNX3
CBFB
CBFB
CBFB
CCNA2
CCNC
CCNC
CCND3
CCNE1
CCNE1
CCNH
CCNT1
CCNT1
CCNT1
CCNT2
CCNT2
CCNT2
CD4
CD28
CD80
CD86
TNFSF8
CD36
CD36
CD38
CD40
CD40
CD40LG
CD74
CD81
CDK11B
CDC5L
CDC5L
CDC6
CDH1
CDH13
CDK5
CDK5
CDK7
CDK8
CDK9
CDK9
CDK9
CDKN1A
CDKN1B
CDKN1C
CDKN1C
CDKN2A
CDKN2A
CDKN2B
CDX1
CDX1
CDX1
CDX2
CDX2
CDX2
CDX4
CDX4
CDX4
CDX4
CEBPA
CEBPA
CEBPA
CEBPA
CEBPA
CEBPA
CEBPB
CEBPB
CEBPB
CEBPB
CEBPD
CEBPD
CEBPE
CEBPE
CEBPG
CEBPG
CEBPG
CEBPG
CENPF
CGA
CGA
CGB3
CHD1
CHD2
CHD3
CHD3
CHD3
CHD4
CHEK1
FOXN3
FOXN3
FOXN3
CHUK
CHUK
CHUK
CHUK
CKS1B
CKS2
CLU
CMKLR1
PLK3
COL1A1
KLF6
KLF6
KLF6
CRABP2
CREB1
CREB1
CREB1
CREB1
ATF2
ATF2
ATF2
ATF2
ATF2
CREBBP
CREBBP
CREBBP
CREBBP
ATF6B
ATF6B
CREBL2
CREBL2
CREBL2
CREM
CREM
CREM
CREM
CRK
CRX
CRX
CRX
CRY1
CRY1
CRY1
CRY2
CRY2
CRY2
CRYAB
CRYM
MAPK14
MAPK14
MAPK14
CSF2
CSF3
NKX2-5
NKX2-5
NKX2-5
NKX2-5
NKX2-5
CTAG1B
CTBP1
CTBP1
CTBP2
CTBP2
CTBP2
CTH
CTNNB1
CTNNB1
CTNNB1
CTNNB1
CTNNB1
CTNNB1
CUX1
CUX1
CX3CR1
CYLD
CYLD
CYP1B1
DAB2
DACH1
DACH1
DACH1
DGKQ
DAP
DAPK3
DAXX
DAXX
DAXX
DBP
DBP
DCN
GADD45A
DDIT3
DDIT3
DDIT3
DDIT3
DDIT3
DDIT3
DDX1
DDX3X
DDX3X
DDX5
DDX5
DHX9
DHX9
DDX11
DHFR
DLG1
DLX1
DLX1
DLX1
DLX2
DLX2
DLX3
DLX3
DLX4
DLX4
DLX4
DLX5
DLX5
DLX5
DLX6
DMRT1
DMRT1
DNM2
DNMT1
DNMT1
DNMT3A
DNMT3A
DNMT3A
DNMT3B
DR1
DR1
DRD2
DRD3
ARID3A
ARID3A
ATN1
TSC22D3
DTX1
DVL1
DVL2
DVL3
DYRK1A
E2F1
E2F1
E2F1
E2F1
E2F2
E2F2
E2F3
E2F3
E2F4
E2F4
E2F4
E2F4
E2F4
E2F5
E2F5
E2F6
E2F6
E2F6
E4F1
E4F1
EBF1
ECM1
EDA
S1PR1
EDN1
EDNRB
EDNRB
PHC1
PHC2
EFNA1
EGF
CELSR2
EGFR
EGFR
EGFR
EGR1
EGR1
EGR1
EGR1
EGR1
EGR2
EGR2
EGR2
EGR3
EGR3
EGR4
EGR4
CELA1
ELANE
ELAVL2
ELF1
ELF1
ELF1
ELF2
ELF2
ELF3
ELF3
ELF4
ELF4
ELF5
ELK1
ELK1
ELK1
ELK3
ELK3
ELK3
ELK4
ELK4
EMX1
EMX2
EN1
EN1
EN1
EN2
EN2
ENG
ENG
ENO1
ENO1
EP300
EP300
EP300
EP300
EP300
EPAS1
EPAS1
EPAS1
EPAS1
EPAS1
EPHA5
EPO
EPO
EPO
NR2F6
NR2F6
ERBB2
ERBB2
ERBB4
ERCC1
EREG
ERCC6
ERCC6
ERF
ERF
ERG
ERG
ERG
ESR1
ESR1
ESR1
ESR1
ESR1
ESR2
ESR2
ESR2
ESRRA
ESRRA
ESRRA
ESRRB
ESRRB
ESRRB
ESRRG
ESRRG
ESRRG
ESRRG
ETS1
ETS1
ETS2
ETS2
ETV1
ETV1
ETV2
ETV2
ETV3
ETV3
ETV4
ETV4
ETV5
ETV5
ETV5
ETV6
ETV6
ETV6
ETV6
MECOM
MECOM
MECOM
EVX1
EVX1
EWSR1
EZH1
EZH1
EZH2
EZH2
EZH2
EZH2
EZH2
F2R
F2RL1
FABP4
FANCA
FANCD2
BPTF
BPTF
BPTF
EFEMP1
FBP1
FER
FGF1
FGF1
FGF2
FGF2
FGF2
FGF4
FGF7
FGF10
FGFR2
FHL2
FHL2
FHL3
FOXG1
FOXG1
FOXG1
FOXF1
FOXF1
FOXF1
FOXF1
FOXF2
FOXF2
FOXF2
FOXF2
FOXC1
FOXC1
FOXC1
FOXC1
FOXC1
FOXD1
FOXD1
FOXD1
FOXD4
FOXI1
FOXI1
FOXL1
FOXE3
FOXJ1
FOXJ1
FOXJ1
FOXC2
FOXC2
FOXC2
FOXE1
FOXE1
FOXE1
FOXE1
FOXE1
FOXM1
FOXM1
FOXM1
FOXD2
FOXD2
FOXS1
FOXS1
FOXS1
FOXO1
FOXO1
FOXO1
FOXO1
FOXO3
FOXO3
FOXO3
FOXO3
FOXO3B
FLI1
FLI1
FLI1
FLNA
FLOT2
FOS
FOS
FOS
FOS
FOS
FOS
FOSB
FOSB
FOSB
FOSL2
FOSL2
FRK
MTOR
FSHB
NR5A2
NR5A2
NR5A2
NR5A2
NR5A1
NR5A1
NR5A1
NR5A1
FUS
FUS
FZD2
XRCC6
XRCC6
GABPA
GABPA
GABPA
GABPB1
GABPB1
GALR1
GAS6
GATA1
GATA1
GATA1
GATA1
GATA2
GATA2
GATA2
GATA2
GATA3
GATA3
GATA3
GATA3
GATA4
GATA4
GATA4
GATA6
GATA6
GATA6
GBX1
GBX2
GBX2
KAT2A
KAT2A
NR6A1
NR6A1
NR6A1
GDF2
MSTN
GDNF
GFI1
GFI1
GFI1
GFI1
GCLC
GLI1
GLI1
GLI2
GLI2
GLI2
GLI3
GLI3
GLI3
GLI3
GLI4
GLI4
GLO1
GOLGB1
GPER1
GPER1
GPS2
GRIN1
NR3C1
NR3C1
NR3C1
GSC2
GSC2
GSK3A
GTF2A2
GTF2F1
GTF2F1
GTF2F1
GTF2H1
GTF2H1
GTF2H2
GTF2H3
GTF2H4
GTF2I
BRF1
H1-0
H1-0
H1-2
H1-3
H1-4
H1-5
H1-5
H1-6
H2AC8
H2AC7
H2AX
H2AZ1
H2AZ1
H3-3A
H3-3A
H3-3B
H3-3B
H1-1
HAS3
HCFC1
HCFC1
HCFC1
HCFC1
HCK
HCLS1
HCLS1
HCLS1
HDAC1
HDAC1
HDAC1
HDAC1
HDAC1
HDAC1
HDAC2
HDAC2
HDAC2
HDGF
HDGF
HELLS
HELLS
HEXB
HGF
NRG1
HHEX
HHEX
HHEX
HHEX
HHEX
HIC1
HIC1
HIC1
HIC1
HIF1A
HIF1A
HIF1A
HIF1A
HIF1A
HINT1
HIVEP1
HIVEP1
HIVEP2
ZBTB48
ZBTB48
MNX1
HLA-DRB1
HLF
HLF
HLX
HMGB1
HMGB1
HMGB1
HMGB1
HMGB2
HMGB2
HMGB3
HMGN1
HMGA1
HMGA1
HMGA1
HMGA1
HMGA1
HMOX1
HMOX1
NR4A1
NR4A1
HMX1
HMX1
HMX2
FOXA1
FOXA1
FOXA1
FOXA1
FOXA2
FOXA2
FOXA2
FOXA2
FOXA2
FOXA3
FOXA3
HNF4A
HNF4A
HNF4A
HNF4G
HNF4G
ONECUT1
ONECUT1
ONECUT1
HNRNPA2B1
HNRNPAB
HNRNPD
HNRNPK
HNRNPK
HNRNPU
HNRNPU
HNRNPU
TLX1
TLX1
TLX2
TLX2
HOXA1
HOXA1
HOXA2
HOXA2
HOXA3
HOXA4
HOXA5
HOXA5
HOXA6
HOXA7
HOXA7
HOXA9
HOXA9
HOXA10
HOXA10
HOXA11
HOXA11
HOXA13
HOXA13
HOXB1
HOXB1
HOXB1
HOXB2
HOXB2
HOXB3
HOXB3
HOXB3
HOXB4
HOXB4
HOXB4
HOXB5
HOXB5
HOXB6
HOXB7
HOXB7
HOXB7
HOXB8
HOXB8
HOXB9
HOXB9
HOXC4
HOXC4
HOXC5
HOXC6
HOXC8
HOXC9
HOXC10
HOXC10
HOXC11
HOXC11
HOXC12
HOXC13
HOXC13
HOXD1
HOXD3
HOXD3
HOXD4
HOXD4
HOXD8
HOXD8
HOXD8
HOXD9
HOXD9
HOXD9
HOXD10
HOXD10
HOXD11
HOXD12
HOXD13
HOXD13
HOXD13
HRAS
PRMT2
HES1
HES1
HES1
HES1
HSBP1
HSF1
HSF1
HSF2
HSF2
HSF4
HSF4
HSF4
HSPA1A
HSPA1A
HSPA1B
HSPA5
HSPA8
HSPD1
DNAJB1
DNAJB1
FOXN2
FOXN2
ICAM1
IRF8
IRF8
ID1
ID1
ID1
ID2
ID2
ID2
ID2
ID3
ID3
ID3
ID4
ID4
IFI16
IFI16
IFI27
SP110
IFNA2
IFNA2
IFNB1
IFNG
IFNG
IFRD1
IGBP1
IGF1
IGF1
IGF2
IGF2
IGF2
CCN1
RBPJ
RBPJ
RBPJ
RBPJ
IGSF1
IHH
IKBKB
IKBKB
IKBKB
IKBKB
IL1A
IL1B
IL1RAP
IL2
IL4
IL4
IL4
IL5
IL6
IL6
IL6
IL10
IL10
IL10
IL10
IL11
IL17A
IL18
FOXK2
FOXK2
FOXK2
FOXK2
ILF2
ILF3
ILK
ING1
ING2
ING2
INHBA
CXCL10
INS
INS
INSM1
INSM1
INSR
PDX1
PDX1
PDX1
IRAK1
IRAK1
IRAK1
IRAK1
ITGA6
IRAK2
IRAK2
IRAK2
IRF1
IRF1
IRF1
IRF1
IRF2
IRF2
IRF2
IRF3
IRF3
IRF3
IRF3
IRF4
IRF4
IRF5
IRF5
IRF6
IRF6
IRF6
IRF7
IRF7
IRF7
IRF7
ISL1
ISL1
ISL1
ITGB2
JAK2
JARID2
JARID2
JUN
JUN
JUN
JUN
JUN
JUNB
JUNB
JUNB
JUND
JUND
JUP
JUP
KARS1
KIT
KIT
KRAS
AFF3
LEP
LGALS9
LHX1
LHX1
LIF
LIF
LIMS1
FADS1
LMO1
LMO1
LMO2
LMO7
LMX1A
LMX1A
LMX1B
LMX1B
LMX1B
LMX1B
LOXL2
LRP6
LRP6
LRP6
LRP5
LRP5
LRP5
LTF
LUM
LYL1
LYL1
EPCAM
MXD1
MXD1
SMAD1
SMAD1
SMAD1
SMAD1
SMAD1
SMAD2
SMAD2
SMAD2
SMAD2
SMAD2
SMAD3
SMAD3
SMAD3
SMAD3
SMAD3
SMAD4
SMAD4
SMAD4
SMAD4
SMAD4
SMAD5
SMAD5
SMAD5
SMAD5
SMAD5
SMAD6
SMAD6
SMAD7
SMAD7
SMAD7
SMAD9
SMAD9
MAF
MAF
MAFG
MAFG
MAGEA1
MAGEA2
MAK
MARS1
MAX
MAX
MAZ
MAZ
MBD1
MC1R
MDFI
MDFI
MDM2
MDM2
MDM2
MDM2
MDM4
MDM4
MDM4
MECP2
MECP2
MECP2
MEF2A
MEF2A
BORCS8-MEF2B
BORCS8-MEF2B
MEF2C
MEF2C
MEF2C
MEF2D
MEF2D
MEIS1
MEIS2
MEIS2
MEIS2
MEIS3P1
MAP3K5
MEN1
MEN1
MEN1
MEOX1
MEOX1
MEOX2
MEOX2
MEOX2
MET
CIITA
CIITA
CIITA
MITF
MITF
MITF
MITF
MLF1
MAP3K10
MAP3K10
KMT2A
KMT2A
KMT2A
MLLT1
MLLT3
MLLT6
MLLT6
FOXO4
FOXO4
NR3C2
MMP12
MMP12
MN1
MNAT1
MNAT1
MNT
MNT
MNT
CD200
CITED1
CITED1
CITED1
MSX1
MSX1
MSX2
MSX2
MSX2
MT3
MT3
MTF1
MTF1
MTHFR
MUC1
TRIM37
TRIM37
TRIM37
MXI1
MXI1
MYB
MYB
MYB
MYB
MYBL1
MYBL1
MYBL1
MYBL1
MYBL2
MYBL2
MYBL2
MYC
MYC
MYC
MYC
MYC
MYCL
MYCN
MYCN
MYCN
MYCN
MYD88
MYF5
MYF5
MYF6
MYF6
MYF6
MYO6
MYOD1
MYOD1
MYOD1
MYOG
MYOG
MYOG
MYOG
PPP1R12A
MYT1
MYT1
NAB1
NAB1
NAB2
NAB2
NCK1
NCL
NDN
NDP
NDP
NEDD4
NEDD8
NEUROD1
NEUROD1
NEUROD1
NEUROD2
NEUROD2
NEUROD2
NEUROG1
NEUROG1
NFATC1
NFATC1
NFATC1
NFATC1
NFATC2
NFATC2
NFATC2
NFATC2
NFIA
NFIA
NFIA
NFATC3
NFATC3
NFATC3
NFATC3
NFATC4
NFATC4
NFATC4
NFE2
NFE2
NFE2L1
NFE2L1
NFE2L2
NFE2L2
NFE2L2
NFE2L2
NFE2L2
NFIB
NFIB
NFIB
NFIC
NFIC
NFIC
NFIL3
NFIL3
NFIL3
NFIL3
NFIX
NFIX
NFKB1
NFKB1
NFKB1
NFKB1
NFKB1
NFKB1
NFKB1
NFKB2
NFKB2
NFKB2
NFKBIA
NFKBIA
NFKBIB
NFKBIB
NFKBIE
NFKBIL1
NFX1
NFX1
NFYA
NFYA
NFYA
NFYB
NFYB
NFYC
NFYC
NFYC
NFYC
NGFR
NHLH1
NHLH1
NHLH2
NHLH2
NKX2-2
NKX2-2
NKX3-1
NKX3-1
NKX3-1
NKX3-1
NKX3-1
NKX3-1
NKX6-1
NKX6-1
NME2
NME2
NODAL
NODAL
NODAL
NOP2
NONO
NONO
NOS1
CNOT2
CNOT2
CNOT3
NOTCH1
NOTCH1
NOTCH1
NOTCH1
NOTCH2
NOTCH3
NOTCH4
NOTCH4
NPAS1
NPAS1
NPAS1
NPAS2
NPAS2
NPAS2
NPAS2
NPAT
NPAT
NPAT
NPAT
NPM1
NPM1
NPM1
NPM1
NRF1
NRF1
NRL
NRL
NRL
NRL
YBX1
NTRK1
ROR1
ROR2
DDR2
NUP98
NR4A2
NR4A2
NR4A2
NR4A2
OGG1
OPRD1
SIX6
ORC1
ORC2
OSM
OTX1
OTX1
OTX2
OTX2
OTX2
OVOL1
OVOL1
P2RY1
PA2G4
SERPINE1
PAM
PRKN
PRKN
PAWR
PAX1
PAX1
PAX2
PAX2
PAX2
PAX2
PAX3
PAX3
PAX4
PAX5
PAX5
PAX6
PAX6
PAX6
PAX6
PAX7
PAX9
PAX9
PAX9
PBX1
PBX1
PBX2
PBX2
PBX3
PCBD1
PCBP1
PCBP2
PCK1
PCNA
PCNA
CHMP1A
CDK16
CDK17
CDK18
PDE2A
PDE8A
PDGFB
ENPP1
PEG3
PEG3
PER1
PER1
PEX14
PF4
PFDN5
PFDN5
ATP8B1
PFKM
CDK14
PGR
PGR
PHB
PHB
PHF1
PHF2
PHF2
PHF2
PIM1
PIM1
PIK3R1
PIK3R1
PIK3R2
PIN1
PITX1
PITX1
PITX2
PITX2
PITX2
PITX3
PITX3
PITX3
PKD1
PKD1
PKD2
PKD2
PKHD1
PKNOX1
PKNOX1
PLA2G1B
PLAG1
PLAG1
PLAGL1
PLAGL1
PLAGL1
PLAGL2
PLAGL2
SERPINF2
PLK1
PLSCR1
PML
PML
PML
PMS2P3
EXOSC9
PRRX1
PRRX1
POLA1
POLR2A
POLR2K
POLR2L
POMC
POU1F1
POU1F1
POU1F1
POU2AF1
POU2AF1
POU2F1
POU2F1
POU2F1
POU2F1
POU2F2
POU2F2
POU3F1
POU3F1
POU3F2
POU3F2
POU3F3
POU3F3
POU3F3
POU3F3
POU3F4
POU4F1
POU4F1
POU4F1
POU4F2
POU4F2
POU4F2
POU4F3
POU4F3
POU5F1
POU5F1
POU5F1
POU5F1B
POU5F1B
POU6F1
POU6F1
PPARA
PPARA
PPARA
PPARD
PPARD
PPARD
PPARD
PPARG
PPARG
PPARG
PPARG
MED1
MED1
MED1
MED1
PPIA
PPID
PPM1A
PPM1A
PPP2CA
PPP2R1A
PPP2R5B
PPP3CA
PPP3CA
PPP3CB
PPP3CB
PPP3R1
PRKAA1
PKIA
PRKAR1A
PRKCB
PRKCB
PRKCB
PRKCH
PRKCI
PKN1
PKN1
PKN1
PRKD1
PRKD1
PRKCQ
PRKCQ
PRKCZ
PRKDC
MAPK1
MAPK1
MAPK3
MAPK3
MAPK7
MAPK7
MAPK8
MAPK11
MAPK9
MAPK10
MAP2K1
MAP2K2
MAP2K3
MAP2K5
MAP2K7
EIF2AK2
PRL
PRNP
PROP1
PROX1
PROX1
PROX1
RELN
PSEN1
PSMA1
PSMA2
PSMA3
PSMA4
PSMA5
PSMA6
PSMA6
PSMA7
PSMB1
PSMB2
PSMB3
PSMB4
PSMB5
PSMB6
PSMB7
PSMB8
PSMB9
PSMB10
PSMC1
PSMC2
PSMC2
PSMC3
PSMC3
PSMC3
PSMC4
PSMC4
PSMC5
PSMC5
PSMC5
PSMC5
PSMC5
PSMC6
PSMC6
PSMD1
PSMD2
PSMD3
PSMD4
PSMD5
PSMD7
PSMD8
PSMD9
PSMD9
PSMD10
PSMD10
PSMD11
PSMD12
PSMD13
PSME1
PSME2
PTAFR
PTCH1
PTCH1
PTEN
PTGIS
PTH
PTPN2
PTPN14
PTPRK
PTPRN
PURA
PURA
PURB
PURB
PEX2
PXN
QARS1
RAD21
RAF1
RARA
RARA
RARA
RARB
RARG
RARG
RB1
RB1
RB1
RB1
ARID4A
ARID4A
ARID4A
KDM5A
KDM5A
RBBP7
RBBP8
RBBP8
RBL1
RBL1
RBL2
REL
REL
RELA
RELA
RELA
RELA
RELA
RELA
RELB
RELB
DPF2
DPF2
REST
REST
REST
REST
REST
RET
RFC1
TRIM27
TRIM27
TRIM27
RFPL1
RFX1
RFX2
RFX2
RFX3
RFX3
RFX3
RFX4
RFX4
RFX5
RFX5
RFX5
RFXAP
RFXAP
RFXAP
RIT2
RING1
RING1
RLF
RLF
RNASEL
RNF2
RNF2
BRD2
RNF4
RNF4
RNF4
RNF6
RNF6
RORA
RORA
RORB
RORB
RORB
RORC
RORC
RORC
RPL6
RPL10
MRPL12
RPS3
RPS3
RPS6KA1
RPS6KA1
RPS6KA1
RPS6KA3
RPS6KA3
RPS14
RPS27A
RREB1
RREB1
RREB1
RREB1
RRM2
RSC1A1
RXRA
RXRA
RXRB
RXRB
RXRG
S100A8
S100A9
S100A12
SAFB
SALL2
SALL2
SALL2
SALL1
SALL1
SARS1
SATB1
SATB1
SATB1
ATXN1
ATXN1
SCML1
XCL1
CX3CL1
CX3CL1
TRAPPC2
SET
SFPQ
SFPQ
SFPQ
SFPQ
SFPQ
SFRP1
SFRP1
SFRP2
SFRP2
SFRP4
SFRP5
SRSF2
SGK1
SHC1
SHH
SHH
SHH
SHH
SHOX
SHOX
SHOX2
SHOX2
SIAH2
SIM1
SIM2
SIM2
SIX1
SIX1
SIX1
SIX1
SIX1
SIX3
SIX3
SIX3
SKI
SKI
SKI
SKI
SKI
SKIL
SKIL
SLC9A1
SLC11A1
SNAI2
SNAI2
SNAI2
SMARCA1
SMARCA2
SMARCA2
SMARCA2
SMARCA2
HLTF
SMARCA4
SMARCA4
SMARCA4
SMARCA4
SMARCA4
SMARCA4
SMARCB1
SMARCB1
SMARCB1
SMARCB1
SMARCB1
SMARCC1
SMARCC1
SMARCC1
SMARCC1
SMARCC2
SMARCC2
SMARCC2
SMARCD1
SMARCD1
SMARCD1
SMARCD2
SMARCD2
SMARCD3
SMARCD3
SMARCE1
SMARCE1
SMARCE1
SMARCE1
SMO
SMO
SNAI1
SNAI1
SNAI1
SNAI1
SNCA
SOD2
SOX1
SOX1
SOX1
SOX2
SOX2
SOX2
SOX2
SOX3
SOX4
SOX4
SOX4
SOX5
SOX9
SOX9
SOX9
SOX10
SOX10
SOX10
SOX10
SOX11
SOX11
SOX11
SOX15
SOX15
SOX15
SOX15
SOX12
SOX12
SP1
SP1
SP1
SP1
SP1
SP2
SP2
SP3
SP3
SP3
SP3
SP3
SP3
SP4
SP4
SP100
SP100
SP100
SPI1
SPI1
SPI1
SPI1
SPI1
SPIB
SPIB
SPP1
SRC
SRI
SREBF1
SREBF1
SREBF1
SREBF1
SREBF1
SREBF2
SREBF2
SREBF2
SRF
SRF
SRF
SRF
SRF
SRF
SRY
SRY
TRIM21
TRIM21
TRIM21
SSX1
SSX2
SSX5
SSX4
SS18
SS18
STAT1
STAT1
STAT1
STAT1
STAT1
STAT2
STAT3
STAT3
STAT3
STAT3
STAT3
STAT3
STAT4
STAT4
STAT5A
STAT5B
STAT5B
STAT6
STAT6
NEK4
STK3
SUPT4H1
SUPT4H1
SUPT4H1
SUPT4H1
SUPT5H
SUPT5H
SUPT5H
SUPT6H
SUPT6H
MED22
SUV39H1
SUV39H1
SUV39H1
SUV39H1
SYK
TBXT
TBXT
TBXT
TACC1
TADA2A
TADA2A
TADA2A
TAF1
TAF1
TAF5
TAF6
TAF7
TAF7
TAF9
TAF9
TAF11
TAF12
TAF12
MAP3K7
TAL1
TAL1
TAL1
TAL1
TAL2
TARBP1
TBX1
TBX1
TBX1
TBL1X
TBL1X
TBP
TBX2
TBX2
TBX2
TBX5
TBX5
TBX5
TBX6
TBX6
TBX6
TBX15
TBX15
TCEA1
TCEA2
TCEA2
TCEA3
ELOC
ELOB
ELOA
TCF4
TCF4
TCF4
TBX3
TBX3
TBX3
TBX3
HNF1A
HNF1A
HNF1A
HNF1A
HNF1B
HNF1B
TCF3
TCF3
TCF3
TCF3
TCF7
TCF7
TCF7
TCF7L2
TCF7L2
TCF7L2
ZEB1
ZEB1
ZEB1
GCFC2
TCF12
TCF12
TCF15
TCF15
ZNF354A
ZNF354A
TCF19
TCF20
TCF20
TCF21
TCF21
TCF21
VPS72
MLX
MLX
MLX
MLX
TDG
PRDX2
TEAD1
TEAD1
TEAD4
TEAD3
TEAD3
TEF
TEF
TMBIM6
TERT
TF
TFAM
TFAP2A
TFAP2A
TFAP2A
TFAP2A
TFAP2A
TFAP2B
TFAP2B
TFAP2B
TFAP2B
TFAP2C
TFAP2C
TFAP2C
TFAP4
TFAP4
TFAP4
TFAP4
TFCP2
TFCP2
NR2F1
NR2F1
NR2F2
NR2F2
NR2F2
TFDP1
TFDP1
TFDP1
TFDP2
TFDP2
TFDP2
TFE3
TFE3
TFE3
TFR2
TFRC
TGFA
TGFB1
TGFB1
TGFB1I1
TGFB2
TGFB3
TGFB3
TGFBR1
TGFBR1
TGIF1
TGIF1
TGIF1
TGIF1
THRA
THRA
THRB
KLF10
KLF10
KLF10
KLF10
TIAL1
NKX2-1
NKX2-1
NKX2-1
NKX2-1
TLE1
TLE2
TLE3
TLE4
TLR2
TLR2
TLR3
TLR3
TLR4
TLR4
TLR4
TLR4
NR2E1
NR2E1
TMF1
TMPO
TMSB4X
TNF
TNF
TNF
TNF
TNF
TNFAIP3
TNFRSF1A
TNFRSF1A
TNNI2
TNP1
TNP1
TOP2A
TP53
TP53
TP53
TP53
TP53
TP53
TP53BP1
TP53BP1
TP53BP1
TP53BP1
TP73
TP73
TP73
TPR
NR2C1
NR2C1
NR2C2
NR2C2
NR2C2
NR2C2
TRAF1
TRAF2
TRAF2
TRAF3
TRAF3
TRAF5
TRAF6
TRAF6
TRAF6
TRAF6
TRPS1
TRPS1
TSG101
TULP3
HIRA
HIRA
TWIST1
TWIST1
TWIST1
TWIST1
TWIST1
TNFSF4
TNFRSF4
TXK
TXN
TYMS
UBA52
UBB
UBC
UBE2B
UBE2D1
UBE2D3
UBE2I
UBE2I
UBE2I
UBE2L3
UBE2L3
UBE2L3
UBE2N
UBE2N
UBE2V1
UBE2V1
UBE3A
SUMO1
SUMO1
SUMO1
UBP1
UBP1
UBTF
UCN
UCP1
SCGB1A1
NR1H2
NR1H2
NR1H2
USF1
USF1
USF1
USF1
USF1
USF1
USF2
USF2
USF2
USF2
VDR
VDR
VDR
VEGFA
VEGFA
VEGFA
VHL
VHL
VHL
EZR
WAS
WFS1
NSD2
NSD2
NELFA
WNT1
WNT1
WNT1
WNT1
WNT2
WNT5A
WNT5A
WNT6
WNT7A
WNT8A
WNT10B
WNT11
WT1
WT1
WT1
WT1
WT1
WT1
XBP1
XBP1
XBP1
XBP1
XPC
XRCC5
YY1
YY1
YY1
YY1
YWHAB
YWHAH
SF1
ZFP36
ZFP37
ZFP37
ZBTB14
ZBTB14
ZBTB14
ZFPL1
ZFX
ZFY
ZIC1
ZIC1
ZIC2
ZIC2
ZIC3
ZIC3
ZIC3
ZNF2
ZNF2
ZNF3
ZNF711
ZNF7
ZNF8
CNBP
CNBP
CNBP
ZNF10
ZNF12
ZNF12
ZNF14
ZNF708
ZNF708
ZNF16
ZNF17
ZNF18
ZNF19
ZNF20
ZNF182
ZNF22
ZNF22
ZNF23
ZNF24
ZNF24
ZNF26
ZNF28
ZSCAN20
ZNF32
ZNF33A
ZNF33A
ZNF33A
ZNF33B
ZNF33B
ZNF35
ZNF35
ZKSCAN1
ZNF37A
ZNF37A
ZSCAN21
ZSCAN21
ZSCAN21
ZNF41
MZF1
MZF1
ZNF43
ZNF43
ZNF45
ZBTB25
ZBTB25
ZNF56P
ZNF66
ZNF66
ZNF726P1
ZNF69
ZNF70
ZNF74
ZNF74
ZNF75D
ZNF75A
ZNF76
ZNF76
ZNF76
ZNF79
ZNF80
ZNF84
ZNF221
ZNF221
ZNF85
ZNF85
ZNF90
ZNF90
ZNF91
ZNF91
ZNF91
ZNF99
ZNF99
ZNF222
ZNF121
ZNF124
ZNF131
ZNF131
ZNF132
ZNF133
ZNF133
ZNF134
ZNF134
ZNF135
ZNF136
ZNF136
ZNF138
ZNF138
ZNF140
ZNF140
ZNF141
ZNF141
ZNF142
ZNF143
ZNF143
ZNF143
ZNF143
PCGF2
PCGF2
ZBTB16
ZBTB16
ZBTB16
ZBTB16
ZNF146
ZNF146
TRIM25
TRIM25
ZNF148
ZNF148
ZNF148
ZNF148
ZBTB17
ZBTB17
ZBTB17
ZBTB17
ZNF154
ZNF155
ZNF157
VEZF1
VEZF1
ZNF165
TRIM26
TRIM26
ZNF174
ZNF174
ZNF175
ZNF175
ZNF177
ZNF180
ZNF184
ZSCAN26
ZSCAN26
ZNF189
ZKSCAN8
ZSCAN9
ZNF195
ZNF195
ZNF202
ZNF202
ZNF205
ZNF205
ZNF205
ZNF208
ZNF208
ZNF213
ZNF214
ZNF215
ZNF217
ZNF217
ZNF223
ZNF224
ZNF224
ZNF224
ZNF225
ZNF225
ZNF226
ZNF226
ZNF227
ZNF227
ZNF112
ZNF112
ZNF229
ZNF229
ZNF230
ZNF232
ZNF236
ZP3
MAP3K12
ZXDA
ZXDA
PRDM2
PRDM2
PRDM2
LRP8
BTG2
PAX8
PAX8
PAX8
FZD5
FZD5
BRPF1
USP7
DEK
DDX39B
NELFE
NELFE
TFEB
TFEB
TFEB
MAFK
MAFK
MTERF1
ARHGEF5
ZNF212
ZNF212
KAT6A
KAT6A
NR4A3
NR4A3
NR4A3
BRD3
LHX3
LHX3
LHX3
MLLT10
MLLT10
NCOA4
CSRP3
FOSL1
FOSL1
FOSL1
FGF23
MLF2
KMT2D
KMT2D
KMT2D
KMT2D
YEATS4
YEATS4
HMGA2
HMGA2
HMGA2
ALX1
ALX1
ALX1
DPF3
TAF15
ELL
ELL
ZNF239
ZNF239
DPF1
NCOA3
NCOA3
NCOA3
NRIP1
NRIP1
AKAP17A
USP9X
RBM10
KDM5C
LAGE3
ARID1A
ARID1A
ARID1A
ARID1A
H4C9
TRRAP
PICALM
AXIN1
BAP1
CDC45
CDC45
EOMES
EOMES
EOMES
FZD1
FZD4
FZD6
FZD7
FZD7
GFI1B
GFI1B
GFI1B
H2AC13
H2AC15
H2AC16
H2AC6
H2AC4
H2AC17
H2AC18
H2AC20
H3C1
H3C4
H3C3
H3C6
H3C11
H3C8
H3C12
H3C10
H3C2
H4C1
H4C4
H4C6
H4C12
H4C11
H4C3
H4C8
H4C2
H4C5
H4C13
H4C14
PLA2G10
PLA2G10
SOX14
SOX14
UXT
UXT
ZNF282
ZNF282
NR0B2
NR0B2
NR0B2
UTF1
UTF1
NCK2
NCK2
CUL3
CUL2
FOXN1
FOXN1
KLF11
KLF11
TEAD2
TEAD2
TEAD2
TEAD2
SUPT3H
SUPT3H
SMARCA5
SMARCA5
SMARCA5
OGT
OGT
GALR3
PPM1D
IKBKG
IKBKG
HAT1
GCM1
GCM1
YBX3
CBX4
CBX4
CAMK1
BARX2
BARX2
BARX2
LMO4
PIR
CGGBP1
AP3B1
BHLHE40
BHLHE40
BHLHE40
BHLHE40
PIAS1
PIAS1
THOC5
THOC5
KHSRP
TNFSF11
TNFSF11
RUVBL1
RUVBL1
KLF7
KLF7
KLF7
PLPP3
CDK13
CDK13
RFXANK
RFXANK
TP63
TP63
TP63
TP63
TP63
SKAP1
SKAP1
NCOA1
NCOA1
NCOA1
TNKS
HYAL2
TRADD
TRADD
EDF1
URI1
URI1
URI1
EED
EED
RIPK1
RIPK1
RIPK2
RIPK2
RIPK2
RIPK2
RIPK2
FADD
TNFRSF11A
TNFRSF11A
TNFRSF11A
TNFRSF11A
CREG1
CREG1
TRIM24
IL18RAP
IL18RAP
IL18R1
GALR2
CCNK
CCNK
CCNK
SAP30
SAP30
SAP30
HESX1
HESX1
CFLAR
HDAC3
HDAC3
HDAC3
TSC22D1
KAT2B
KAT2B
CDK5R1
NR1I2
NR1I2
LDB1
LDB1
LDB1
LDB1
LDB1
APLN
PER3
PER3
PER2
PER2
PER2
SPHK1
SPHK1
SQSTM1
SQSTM1
ZPR1
TAX1BP1
BUD31
BUD31
CCNA1
TIMELESS
TIMELESS
BCL10
FOXH1
FOXH1
FOXH1
FOXH1
FOXH1
PHOX2B
PHOX2B
PHOX2B
MBD2
MBD2
MBD2
FUBP3
AP3D1
BTRC
BTRC
BTRC
H3C7
H2AC11
H1-10
USP13
WASL
RPS6KA4
RPS6KA4
RPS6KA4
RPS6KA4
LIMD1
LIMD1
LIMD1
LIMD1
TNFSF18
RNF8
BAZ1B
UBA3
BTAF1
AIP
PIAS2
LDB2
CDY1
DNAJA3
TBX19
TBX19
TBX18
TBX18
USP2
NMI
MTA1
MTA1
PDLIM1
CNOT9
CBFA2T2
CBFA2T2
CBFA2T2
DYRK1B
DYRK1B
CTDP1
MAP3K13
MAP3K13
ARHGEF2
ZBED1
ZBED1
ZMYM5
LRRFIP1
LRRFIP1
LRRFIP1
LRRFIP2
BMP15
AURKB
MTA2
MTA2
NOLC1
CCPG1
NOG
NOG
MSC
MSC
MSC
GCM2
GCM2
RPS6KA5
RPS6KA5
RPS6KA5
RPS6KA5
ITGB1BP1
ZBTB22
MED14
MED14
ZNF235
KLF4
KLF4
KLF4
KLF4
KLF4
KLF4
COPS2
TRIP13
TRIP11
HMGN3
TRIP4
TRIP4
TRIP4
ZNHIT3
RPL23
CER1
LHX2
LHX2
ADIPOQ
CIAO1
TGFBRAP1
RECQL5
LPXN
MED21
MED21
HAND1
HAND1
ZNF264
CDYL
CDY2A
MED23
MED23
MED23
MED17
MED17
MED26
MED26
MED26
MED27
MED27
MED7
MED7
MED7
AIM2
EIF2AK3
FHL5
HAND2
HAND2
HAND2
HAND2
MED20
MED20
MAPK8IP1
ONECUT2
ONECUT2
PSMF1
TBX4
TBX4
MAGED1
PAGE4
LITAF
LITAF
BAG3
ZNF254
ZNF254
CIR1
CIR1
MACROH2A1
MACROH2A1
MACROH2A1
GTF2IRD1
GTF2IRD1
NR1D1
NR1D1
NR1D1
NR1D1
CLOCK
CLOCK
CLOCK
CLOCK
SOX13
SOX13
SOX13
CREB5
CREB5
IER2
NFE2L3
NFE2L3
RNF14
RNF14
NCOR1
NCOR1
NCOR1
NCOR1
NCOR2
NCOR2
NCOR2
TESMIN
MORF4L2
MORF4L2
MICAL2
CTR9
CTR9
PPM1F
ZNF516
ZNF516
ZNF516
LPIN2
LPIN2
SAFB2
ZNF432
PHF14
KDM4A
LRRC14
LRRC14
VGLL4
VGLL4
ST18
ST18
ZNF646
ZNF646
DCAF1
HDAC9
ZNF536
ZNF536
ZSCAN12
KMT2B
HDAC4
HDAC4
HDAC4
HDAC4
HDAC4
TOX
BCLAF1
BCLAF1
BCLAF1
BCLAF1
DLGAP5
SERTAD2
MAML1
MAML1
MAML1
KEAP1
KEAP1
TSC22D2
ARHGEF11
TRIM14
TRIM14
TRIM14
ZNF623
ZEB2
ZEB2
ZEB2
ZBTB24
ZNF518A
PSMD6
MED24
SETDB1
SETDB1
SETDB1
TOX4
ZBTB39
ZBTB39
ZBED4
G3BP2
SUPT7L
ARNT2
ARNT2
ARNT2
RNF10
RNF10
RNF10
ZBTB40
ZBTB5
ZBTB5
MAFB
MAFB
MAFB
MAFB
USP3
THRAP3
THRAP3
MED12
MED12
MED13
MED13
NR1I3
NR1I3
NR1H4
NR1H4
NR1H4
NR1H4
NR1H4
NR1H4
NR1D2
NR1D2
NR1D2
NR1D2
RBX1
THOC1
THOC1
THOC1
DMTF1
DMTF1
DMTF1
CASP8AP2
MED6
MED6
NR2E3
NR2E3
NR2E3
ZBTB33
ZBTB33
ZBTB33
ZBTB33
SRA1
HDAC6
HDAC5
HDAC5
HDAC5
MED16
MED16
MED16
MAMLD1
NR1H3
NR1H3
NR1H3
NR1H3
PQBP1
PQBP1
ACTR3
ACTR2
TSFM
ZNF263
ZNF263
ZNF263
NAMPT
YAF2
YAF2
TOB1
CEBPZ
TRIM28
TRIM28
TRIM28
TRIM28
TRIM28
AASS
ZNF197
ZNF197
ZNF256
ZNF256
SORBS3
TENM1
ALYREF
RNF41
TSHZ1
PSME3
TRIM13
TRIM13
TRIM13
TOPORS
FLOT1
PSMD14
SSX3
OLIG2
OLIG2
TRIB1
TRIB1
ZNF443
DENND4A
IRX5
ZMPSTE24
FSTL3
SAP18
SAP18
TRAIP
APBB3
ZNF267
ZNF267
TNIP1
TNIP1
IKZF1
IKZF1
TLR6
PCGF3
TRIM22
TRIM22
TRIM22
TRIM22
HMG20A
HMG20A
KLF2
KLF2
KLF2
KLF2
CITED2
CITED2
CITED2
CITED2
IRF9
SCML2
NOD1
NOD1
PIAS3
PIAS3
BASP1
BASP1
BASP1
YAP1
YAP1
YAP1
PRMT5
PRMT5
RBM14
N4BP2L2
N4BP2L2
MCRS1
PPIE
TAB1
HAX1
MAD2L2
MAD2L2
SLC30A9
FST
ZBTB18
ZBTB18
ZBTB18
TADA3
TADA3
TRIM38
TRIM38
TRIM38
HOXB13
HOXB13
MIR9-1HG
CREB3
CREB3
CREB3
CARM1
CARM1
NCOA2
NCOA2
NCOA2
SEMA4D
SEMA4D
MYBBP1A
MYBBP1A
CIB1
ZNF211
DDX17
DDX17
DEAF1
DEAF1
KAT5
KAT5
KAT5
BATF
BATF
LAMTOR5
HTATIP2
HTATIP2
DRAP1
DRAP1
ERN2
USP16
USP16
MXD4
MXD4
HEXIM1
HEXIM1
HEXIM1
HEXIM1
RBCK1
ARID3B
ARID3B
POLR3F
POLR3G
POLR3C
TRIM16
TXNIP
TAF6L
TAF6L
TAF6L
RGS14
LEFTY1
CAMKK2
DMRT2
DMRT2
KHDRBS1
KHDRBS1
LBX1
KLF1
KLF1
KLF1
CTCF
CTCF
CTCF
GMEB1
GMEB1
TBR1
TBR1
TBR1
NFAT5
NFAT5
TCFL5
TCFL5
SIX2
SIX2
RFPL3
RFPL2
RAI1
RAI1
MAP3K2
KDM5B
KDM5B
TOB2
ZMYND11
ZMYND11
SRSF10
ZBTB6
ZBTB6
ZNF234
ZNF266
ZNF274
ZNF274
ZNF273
ZNF273
ZNF460
ZNF460
ZNF268
ZNF268
ZNF268
ZNF268
ZNF275
SRCAP
SRCAP
PPP1R13L
PPP1R13L
RUVBL2
RUVBL2
RUVBL2
LILRB1
ARID5A
ARID5A
ARID5A
PPARGC1A
PPARGC1A
PPARGC1A
MALT1
MALT1
BRD8
TCERG1
TCERG1
EHMT2
SUB1
SUB1
SPIN1
SPIN1
MORF4L1
PRDX3
MSL3
MSL3
CBX1
MLLT11
MLLT11
YWHAQ
ADIRF
KCNQ1OT1
GCN1
COPS5
SLC38A3
LILRB4
CCDC85B
CCDC85B
ATF7
ATF7
VAX1
VAX1
RBPMS
RIPK3
RIPK3
GTF2A1L
PIM2
MID2
MID2
WWP1
WWP2
WWP2
WWP2
SOX30
SOX30
TRIM31
TRIM31
TRIM31
PRDM7
PRDM5
PRDM5
PRDM4
FAF1
PWP1
PKIG
KAT7
KAT7
KAT7
KAT7
PTP4A3
SOX21
SOX21
SOX21
SOX21
PSIP1
STRAP
BAZ2A
BAZ2A
BAZ1A
SUPT16H
SUPT16H
CHEK2
IRAK3
IRAK3
DDX20
PADI2
PMF1
ZHX1
ZHX1
CHP1
SP140
SNF8
KLF12
KLF12
KLF12
KLF8
KLF8
POU6F2
POU6F2
PARK7
PARK7
PARK7
PARK7
RBPJL
ECD
PHB2
PHB2
CBX3
CBX3
TFEC
TFEC
IKZF3
IKZF3
IKZF2
ATF5
ATF5
ATF5
MTF2
MTF2
SCAF8
ZNF652
ZFP30
ZNF507
CPEB3
ADNP2
ZNF510
MLXIP
MLXIP
MLXIP
MORC2
ZHX2
ZHX2
ABLIM3
FOXJ3
FOXJ3
ZBTB1
ZBTB1
BAHD1
CARD8
SBNO2
SBNO2
TRAK1
RALY
MAPRE3
ATF6
ATF6
SIRT2
SIRT2
SIRT2
SIRT2
SNW1
SNW1
DKK1
DKK1
TRIM32
TRIM32
TRIM32
TRIM32
SCMH1
SCMH1
PAXIP1
PAXIP1
TCF25
KDM2A
KDM2A
SPEN
CNOT1
KDM1A
KDM1A
KDM1A
KDM1A
ZNF292
ZNF292
WDTC1
MYT1L
MYT1L
ZHX3
ZHX3
ZHX3
NCOA6
NCOA6
NCOA6
ZNF609
ZNF609
SETX
CAND2
RRP1B
KDM4C
PPRC1
ERC1
ERC1
ZNF423
ZNF423
ZNF423
ZNF423
ZBTB43
TAB2
HIC2
HIC2
HIC2
CAMTA2
CAMTA2
CAMTA2
POGZ
PLXND1
PHF8
PHF8
PHF8
KDM6B
CIC
CIC
WDR43
WDR43
RTF1
LPIN1
RCOR1
RCOR1
PSME4
JMJD6
JMJD6
ZC3H4
PLCB1
CAMTA1
MGA
TASOR
WWC1
WWC1
FBXW11
FBXW11
ATMIN
ATMIN
ATMIN
UBR2
UBR2
SIN3B
SATB2
SATB2
SATB2
CUX2
CUX2
USP22
NEDD4L
SMCHD1
ZNF629
ZNF629
CRTC1
CRTC1
CRTC1
UFL1
RRP8
RRP8
RRP8
RRP8
ICE1
MED13L
ADNP
DICER1
SIRT1
SIRT1
SIRT1
SIRT1
ZFPM2
ZFPM2
ITGB3BP
RYBP
RYBP
RYBP
RHOQ
ATP1B4
ATP1B4
ATP1B4
OTP
HEY1
HEY1
HEY1
HEY1
HEY1
CBX6
CBX5
CBX5
BRD4
BRD4
CBX7
CBX7
HEY2
HEY2
HEY2
HEY2
HEY2
BICRAL
POFUT1
KAT6B
KAT6B
KAT6B
ZNF281
ZNF281
ZNF281
PRAME
SEC14L2
RBFOX2
WBP2
WBP2
ARL2BP
DDX58
PATZ1
PATZ1
PATZ1
ZMYND8
ZIM2
ZIM2
KPNA6
SSBP2
SSBP2
NUP62
SSBP3
TRIM29
ZKSCAN5
ZKSCAN5
SGK3
EID1
EID1
MAFF
MAFF
PRPF6
ZNF318
ZNF318
H2AP
CBY1
ZNF324
SPDEF
SPDEF
SPDEF
BAMBI
VAX2
VAX2
PRDX5
POU2F3
POU2F3
NIPBL
NIPBL
ASF1A
ZNF345
ZNF345
ZNF345
BRMS1
BRMS1
PRKD2
PRKD2
PRKD2
ZNF473
ZNF473
NELFB
NELFB
ZNF521
ZNF521
NOL11
WWTR1
WWTR1
WWTR1
WWTR1
SIN3A
SIN3A
SIN3A
SIN3A
RWDD3
KANK2
KANK2
HINFP
HINFP
HINFP
HINFP
HIGD1A
L3MBTL1
L3MBTL1
L3MBTL1
ZNF451
ZNF451
CHD5
SS18L1
SS18L1
ZNF500
AUTS2
EDRF1
EDRF1
PYGO1
EPC2
ZBTB20
ZBTB20
IRF2BP1
IRF2BP1
PHF19
ZNF658
ZNF658
ZNF658
ZNF337
NOC2L
NOC2L
GMEB2
GMEB2
SPAG8
NKX2-8
NKX2-8
FBXO5
ANKRD2
ANKRD2
ANKRD2
MYCBP
MYCBP
MYCBP
EHF
EHF
GNL3
LHX6
NUPR1
NUPR1
NUPR1
HEYL
HEYL
HEYL
HEYL
AGO1
AATF
AATF
DUX5
DUX3
DUX1
DUX1
GREM1
GREM1
CKAP2
ELP4
ELP4
NUFIP1
HBP1
ZNF285
AKAP8L
DNAJC2
USP21
FOXD3
FOXD3
FOXD3
FOXB1
ZBTB32
ZBTB32
PELP1
SND1
ANKRD1
ANKRD1
FOXP1
FOXP1
FOXP1
TAF5L
TAF5L
TAF5L
ZBTB11
ZBTB11
DKK3
SNX5
MORC1
STK36
STK36
STK36
ZNF777
AGO2
SALL3
PDCD4
PDCD4
VENTX
VENTX
ZNF544
ZNF544
BMP10
RBMX
BHLHE22
TOX3
TOX3
HTATSF1
SLCO3A1
DLL1
CCDC22
RGCC
HIPK2
HIPK2
HIPK2
HIPK2
KLF15
KLF15
ATAD2
ATAD2
ATAD2
SETD2
MED4
MED4
SSU72
SSU72
PYCARD
PYCARD
PYCARD
FHOD1
FHOD1
TBK1
TAGLN3
SAP30BP
BRD7
BRD7
UHRF1
UHRF1
ABT1
REPIN1
GRHL1
GRHL1
GRHL1
TFCP2L1
TFCP2L1
TFCP2L1
SENP1
CNOT7
CNOT7
PSMC3IP
HCFC2
HCFC2
HCFC2
HCFC2
PURG
SERTAD3
SERTAD3
DNMT3L
SERTAD1
SERTAD1
STRN3
MDFIC
MDFIC
MDFIC
BAZ2B
LMCD1
NOP53
BICRA
BICRA
TBX21
TBX21
TBX21
TBX21
TLX3
RAX
RAX
SOX8
SOX8
SOX8
VSX1
VSX1
KCNIP3
CXXC1
CXXC1
ZNF354C
CTAG2
ZBTB21
ZBTB21
CRNN
CRNN
SMARCAL1
NEUROG3
NEUROG3
NEUROG3
MYEF2
IRX4
HP1BP3
HDGFL3
RNF141
CDON
FOXP3
FOXP3
FOXP3
FOXP3
FOXP3
TBX22
TBX22
TBX22
SOST
MTERF3
MED31
ASCC1
GLRX2
ZNF593
ZBTB7B
ZBTB7B
ZBTB7B
GMNN
ZNF691
NDUFA13
GAL
MLXIPL
MLXIPL
MLXIPL
MLXIPL
PHF20L1
ZNF706
RLIM
RLIM
CHCHD2
CHCHD2
ING4
ING4
ZNF580
ZNF580
LEF1
LEF1
LEF1
LEF1
LEF1
SS18L2
ZNF639
ZNF639
ZNF219
ZNF219
ZNF219
ZNF219
ELOA2
PHF20
MTRES1
MTRES1
TFDP3
TFDP3
KLF3
KLF3
ZNF571
IER5
SCAND1
PLAC8
PHF21A
WAC
ZNF771
DACT1
ZBTB7A
ZBTB7A
ZBTB7A
ZBTB7A
ZNF117
ZNF117
MBTPS2
MBTPS2
CRLF3
ZNF589
ZNF589
ACTL6B
ACTL6B
ACTL6B
ZNF107
ZNF107
VGLL1
VGLL1
VGLL1
PRRX2
PRRX2
SFMBT1
SFMBT1
SFMBT1
NELFCD
TRIAP1
ETV7
ETV7
CXXC5
PPHLN1
PPHLN1
ZNF581
SIRT7
SIRT7
SIRT7
SIRT6
SIRT6
IL23A
ARMCX3
TDP2
LARP7
LARP7
LARP7
MED15
PIAS4
PIAS4
PIAS4
PIAS4
TRIM33
TRIM33
SRRT
TAF9B
KLF13
KLF13
RTRAF
RASD1
SUFU
SUFU
SUFU
NLK
ZNF44
UIMC1
WWOX
WWOX
ARID4B
CDK12
CDK12
INPP5K
RSF1
RSF1
MYOZ2
KDM3B
SIX4
SIX4
SIX4
BCL11A
BCL11A
MBD3
PTOV1
RIPPLY3
TRIM34
TRIM34
BRWD1
RIPK4
TLR9
TLR9
TLR9
POLE3
SOX18
SOX18
SOX18
CYTL1
WNT4
WNT4
WNT4
TERF2IP
TERF2IP
TERF2IP
ATAD2B
SPIN2A
MIER2
MAGEL2
DLL4
SCAND2P
EGLN1
EGLN1
INO80
INO80
FBXL19
PAF1
PARP14
HES2
HES2
NKX1-1
MPHOSPH8
MPHOSPH8
FEV
ZNF853
TRIM44
RNF111
RNF111
RNF111
TET2
TET2
BNC2
MED18
MBTD1
AHI1
ZNF586
ZNF562
ZNF562
GATAD2A
GATAD2A
ZNF280D
ZNF280D
BCAS3
ANKRD49
GON4L
GON4L
CC2D1A
CC2D1A
BCOR
BCOR
CASZ1
CASZ1
NSD3
NSD3
LIME1
ZSCAN32
SOHLH2
BANP
ZNF770
ZNF770
ZSCAN2
TESC
PIH1D1
PIH1D1
PID1
PHIP
PHIP
PHIP
USP47
CDCA4
NRDE2
RNF31
FEZF2
MED9
AKIRIN2
AKIRIN2
HEATR1
HEATR1
TRIM68
ELP3
THAP1
THAP1
THAP1
RBM23
PRMT6
PRMT6
RIF1
DNAJC17
RESF1
RPRD1A
SBNO1
SETD5
BBS7
TRIM62
TRIM62
TRIM62
VRTN
YY1AP1
ELP2
ASXL2
ASXL2
MRGBP
PSPC1
PSPC1
PHF10
ZNF654
BRF2
ZNF444
IMPACT
LGR4
PIDD1
ZNF331
ZNF331
HES6
HES6
HES6
HES6
MACROH2A2
MACROH2A2
MACROH2A2
BATF3
BATF3
MAML3
MAML3
MAML3
CDCA7L
ZNF823
SOX6
SOX6
SOX6
ZNF821
SUPT20H
MED29
ZNF280C
ZNF280C
TASP1
ZNF407
KRBOX4
DEPDC1
CHD7
CHD7
LYAR
LYAR
LYAR
NLRP2
ZNF692
ZNF692
ZNF416
HIF1AN
HIF1AN
HIF1AN
ZNF446
KANSL3
YEATS2
ZNF334
ATF7IP
ATF7IP
ATF7IP
ZFP64
CCAR1
CCAR1
CDK5RAP2
CDK5RAP2
RCOR3
ZNF701
H2AJ
ZNF83
ZNF415
LRIF1
PCID2
IL26
HR
TRERF1
TRERF1
FOXJ2
FOXJ2
KDM3A
KDM3A
KDM3A
DCAF6
DCAF6
CAND1
UBAP2
CENPJ
EAPP
EAF2
EAF2
WWC3
BEX1
HDAC8
HDAC8
ASH1L
ZKSCAN7
MYNN
ZNF395
ZNF395
ZNF395
MESP1
MESP1
MESP1
ZNF302
KMT2E
ERBIN
ERBIN
LANCL2
NKRF
NKRF
DMAP1
DMAP1
DMAP1
LIN37
MYDGF
BARX1
MOSPD1
ZNF253
ZNF253
ZNF253
RNF20
MEPCE
MEPCE
ASCL3
ASCL3
ASCL3
SLC2A4RG
SLC2A4RG
BARHL1
BARHL1
IFNK
TCEAL7
TCIM
MEIS3
DHX33
DHX33
DHX33
PAK6
ARNTL2
ARNTL2
ARNTL2
DUSP22
ENY2
ENY2
EMSY
SMYD2
LHX9
LHX9
OTUD7B
RGMA
ATXN7L3
ATXN7L3
STOX2
PRDM8
PRDM9
PRDM10
PRDM10
PRDM11
BBX
CTNNBIP1
CTNNBIP1
CCNL1
TBX20
TBX20
TBX20
PITHD1
NAT14
REXO4
ZNF695
ZNF695
CAMK1D
LPAR5
NUP107
PELI1
SALL4
SALL4
ZNFX1
ZMIZ1
ZMIZ1
ZNF248
THAP11
THAP11
ZNF630
PBXIP1
CBX8
ZNF286A
ZNF287
ZNF304
ZNF304
ZNF304
AICDA
TMIGD3
TENM2
GATAD2B
SCAF4
CNOT6
ZNF490
AHRR
ARID1B
ARID1B
MRTFB
MRTFB
MTA3
MTA3
MTA3
MAVS
ZNF608
ZNF608
RPTOR
ZNF398
ZNF398
ZNF624
ZNF319
ZNF319
ZNF471
MRTFA
MRTFA
EBF4
HOMEZ
FNIP2
ZNF492
ZNF492
TSHZ3
TSHZ3
ZBTB2
ZBTB2
ZFAT
ZFAT
POGK
PHF12
PHF12
CALCOCO1
CALCOCO1
CALCOCO1
ZBTB4
ZBTB4
BEND3
BEND3
BEND3
ZFP14
CHD8
CHD8
ZBTB26
ZBTB26
ZNF317
MIER1
MIER1
ZNF529
SFMBT2
NCOA5
TRIB3
TRIB3
RBAK
RBAK
GATAD1
HES4
CCAR2
CCAR2
CCAR2
CCAR2
HAMP
HAMP
GRHL3
GRHL3
RAP2C
ZNF410
NEUROD4
NFE4
NFE4
CTDSP1
TP53INP2
TP53INP2
NLRC4
ZBED5
CREBZF
CREBZF
CREBZF
RPRD1B
RPRD1B
ZNF71
ZNF71
ZNF77
OVOL2
OVOL2
ZNF462
ZNF250
KMT2C
CACTIN
DMRT3
WIZ
MYOZ1
SNX6
HIVEP3
HIVEP3
SIGIRR
PRDM12
SENP2
ZNF350
ZNF350
GPBP1L1
GPBP1L1
EDA2R
TGIF2
TGIF2
TGIF2
TGIF2
BACH2
BACH2
SAV1
NIF3L1
ALX4
ALX4
PKNOX2
GPATCH3
GPATCH3
ZNF335
CHP2
ZNF667
DMRTC2
DMRTC1
DMRTB1
DMRTA2
DMRTA1
NEUROG2
NEUROG2
NEUROD6
NEUROD6
PRDM16
PRDM16
PRDM16
PRDM16
PRDM15
PRDM15
PRDM14
PRDM14
NPAS3
NPAS3
SLC39A8
NOD2
NOD2
NOD2
NOD2
IRF2BPL
IRF2BPL
MMS19
LHX5
LHX5
TFB2M
ZSCAN31
RNF25
RNF25
SOX17
SOX17
SOX17
NSD1
NSD1
NSD1
HIF3A
HIF3A
IKZF4
IKZF4
IKZF4
IKZF5
IKZF5
GZF1
GZF1
GZF1
SUDS3
SUDS3
SUDS3
EBF2
EBF2
CSRNP1
CSRNP1
NUCKS1
NUCKS1
SMURF2
SMURF2
SMYD3
ZNF574
ZNF574
CREB3L2
CREB3L2
CREB3L2
IPPK
RBM15
CRTC3
IL25
ISL2
NIBAN2
METTL4
RFX7
LPIN3
BCL11B
BCL11B
PINK1
GPBP1
GPBP1
CDK15
PRAMEF1
PRAMEF2
ZFP69B
ZNF649
BRD9
CAPRIN2
ZSCAN18
ZBTB10
ZNF747
DDRGK1
ZFTA
TRAK2
DUSP26
ZNF655
DDX54
LBHD1
WDR77
WDR77
ZNF426
CARD14
TAF1D
ZSCAN5A
TNIP2
TNIP2
ZNF343
ZNF576
IRX6
IRX6
IRX3
IRX1
IRX1
ZNF557
ZXDC
ZXDC
ZXDC
BHLHE41
BHLHE41
BHLHE41
HMGN5
ZBED2
PAGR1
NKAP
NKAP
NKAP
CDC73
CDC73
SAP130
SAP130
NAA16
HMBOX1
HMBOX1
AKIRIN1
MCPH1
BEND5
BEND5
ICE2
ICE2
ZNF329
SAP30L
ZNF322
RIOX1
TBL1XR1
TBL1XR1
SUV39H2
SUV39H2
ZNF768
E2F8
E2F8
E2F8
E2F8
ZNF419
SNIP1
ZNF750
ZNF750
ZNF750
ZNF668
ZNF668
ZFHX4
ZNF665
ZNF408
CARF
CARF
CARF
TTC21B
SLTM
EHMT1
EHMT1
TLE6
ZNF552
KDM8
ZBTB3
ZNF669
RPAP2
RPAP2
ZNF671
ZNF672
ZNF613
NUP85
ACTR5
SETD6
NANOG
NANOG
NANOG
TNIP3
ZNF696
JADE1
ZNF442
GRHL2
GRHL2
GRHL2
GRHL2
PHC3
WWC2
ZNF556
CSRNP3
CSRNP3
ZNF606
ZNF606
ZFP2
ZNF614
ZNF703
ZNF703
ZNF703
PTGES2
ZC3H12A
NAA15
IFT74
CEP290
ELL3
TRIM45
ZNF430
ZNF430
CDK5RAP3
CDK5RAP3
MTERF2
TET1
TET1
TET1
EPC1
EPC1
EPC1
ZKSCAN3
ZKSCAN3
SP6
PABPC1L
ZSCAN16
AKNA
ESX1
ESX1
PBX4
PBX4
THAP7
THAP7
ZNF34
ASXL3
ZNF436
ZFP91
KDM7A
KDM7A
SETD7
TDRD3
TRIM11
CSRNP2
CSRNP2
TRIM8
TRIM8
LBH
LBH
CDT1
TSC22D4
TSC22D4
CCNL2
TRIM56
ZNF611
MED25
MED25
MED25
ZNF93
ZNF93
TCF7L1
TCF7L1
MXD3
SCRT1
SCRT1
SCRT1
SOX7
SOX7
SOX7
BCL2L12
ZMIZ2
ZMIZ2
PARP9
PARP9
SESN2
TRAPPC9
ITCH
H2AB3
TFAP2D
TFAP2D
ZNF484
ZNF484
L3MBTL2
SETDB2
SETDB2
KLF16
KLF16
TAF3
CDCA7
MIXL1
MIXL1
HDAC10
FAM172A
BRIP1
PCBD2
ZIC4
PCGF6
PCGF6
PCGF6
ZNF394
WDR75
UTP15
UTP15
ZNF644
KAT8
KAT8
KAT8
ARID5B
ARID5B
ARID5B
ARID5B
GTF2IRD2
ASCC2
ASCC2
NLRC5
NLRC5
SLA2
CHD6
SETD3
SETD3
ZNF541
ZMYND15
MAF1
MAF1
MED10
ING5
ING5
PHF6
PHF6
ZNF397
BRMS1L
ZBED3
ZNF414
DYDC2
PCGF5
PCGF5
ELOF1
CARD11
ZNF528
MAML2
MAML2
MAML2
DOT1L
DOT1L
ZNF333
EFCAB7
L3MBTL3
LCOR
LCOR
ZNF527
NKX6-2
NKX6-2
NKX6-2
NKX6-2
ZC3H8
ZC3H8
ZC3H8
ZC3H8
HOPX
ZNF559
RHOXF2
PGBD1
ZBTB37
ZBTB37
ZGPAT
ZGPAT
ZNF594
ZNF594
AFAP1L2
AFAP1L2
SPZ1
GLYR1
CCDC62
CCDC62
DPY30
GLIS2
GLIS2
GLIS2
HES7
HES7
ZNF347
KDM2B
KDM2B
INSM2
LOXL3
CREB3L3
CREB3L3
CREB3L3
HDGFL2
PSRC1
CBX2
CBX2
PCGF1
PCGF1
ZNF577
ZNF607
FAM220A
PERM1
PERM1
ABHD14B
ZNF496
ZNF496
RAX2
RAX2
PHF5A
TRIM52
TRIM52
TRIM52
ZNF503
RIOX2
HAVCR2
ZNF514
PARP10
PARP10
ZBTB45
ZBTB45
ZSCAN10
ZSCAN10
NFATC2IP
ZNF341
ZNF341
ZNF382
ATOH8
ATOH8
ATOH8
ATOH8
ZNF587
UTP4
FIZ1
ZNF566
RITA1
MAEL
MAEL
MPND
AJUBA
AJUBA
TOX2
TOX2
H2AC12
PPIL4
TRIM5
TRIM5
TRIM5
EAF1
ZIC5
HELZ2
ZFHX2
CIPC
CIPC
ZNF518B
LBX2
SCRT2
SCRT2
HSFY1
WNT3A
WNT3A
WNT3A
TRIM15
TRIM15
TRIM15
TRIM15
LHX4
LHX4
ZNF628
ZNF628
ZNF30
ZNF551
OTULIN
OTULIN
OTULIN
TGIF2LX
ZNF616
ZNF766
THAP3
ZNF468
ZNF160
SAMD1
MED30
MED30
ZNF835
MLIP
MLIP
ZNF799
ZNF625
ZNF700
ZNF439
ZNF486
ZNF486
TGIF2LY
TBL1Y
TBL1Y
ZNF479
ZNF479
IL33
IL33
ZNF697
TRIM41
ZNF251
CREB3L1
CREB3L1
CREB3L1
CREB3L1
ZNF682
ZNF682
L3MBTL4
LRP5L
ZNF502
ZNF502
ISX
CHURC1
ZNF765
NLRP12
ZNF845
ZNF845
MIDEAS
TTC5
ZNF300
ZNF300
CCNQ
RIPPLY1
RIPPLY1
MTDH
MTDH
MTDH
ZNF461
ZNF585B
ZNF585B
FANK1
FANK1
ZNF764
H2AW
ZNF276
ZBTB47
ZNF561
PRDM6
SP140L
ZNF670
TADA2B
TADA2B
MYOCD
MYOCD
MYOCD
ACTR8
FOXP2
FOXP2
ZNF101
PAXBP1
FOXQ1
FOXQ1
H2AZ2
TP53INP1
TP53INP1
FNIP1
EGLN2
EGLN3
IL17F
GLMP
NACC1
NACC1
NACC1
MED8
KTI12
ZNF257
ZNF257
ZIM3
NLRP3
NLRP3
NLRP3
TIRAP
CARD16
MYSM1
MYSM1
ZNF618
ZNF554
ZNF689
ZNF501
NOSTRIN
ZNF653
ZNF653
OSR2
OSR2
BATF2
FOXP4
ZNF526
ZNF837
OLIG1
MED12L
MED12L
TADA1
TADA1
DACH2
TWIST2
TWIST2
ZNF354B
ZNF354B
TRIM6
TRIM6
ZNF511
ZNF488
SFR1
SFR1
DBX1
RHEBL1
ZNF641
SP7
SP7
SP7
H4-16
AEBP2
AEBP2
ASCL4
ASCL4
SPIC
SPIC
FOXN4
FOXN4
PSMB11
JDP2
JDP2
LEO1
CDYL2
ZNF720
METTL23
HSF5
KRBA2
HEXIM2
HEXIM2
ZFP3
RN7SK
ZNF816
ZNF543
ZNF813
ZNF441
ZNF491
ZNF440
ZNF787
ZNF573
EID2B
EID2B
ZNF57
WTIP
WTIP
ZNF792
GABPB2
GABPB2
H3C14
DMBX1
DMBX1
DMBX1
ZNF684
HMGB4
ZNF648
ZNF648
KLF17
KLF17
BHLHE23
TSHZ2
ZNF280A
ZNF280A
NUP35
OSR1
OSR1
ZNF513
MTERF4
FAM172BP
H1-8
ZFP42
LIN54
IL31RA
PPARGC1B
PPARGC1B
PPARGC1B
JMY
JMY
JMY
POU5F2
RIPPLY2
NCOA7
NCOA7
TRIM40
TRIM40
NOBOX
NOBOX
ZNF786
ZNF786
KLF14
KLF14
KLF14
MTPN
ZNF572
ZNF572
ABRA
ABRA
NKX2-6
NKX2-6
NACC2
NACC2
NACC2
NACC2
TAF1L
ARID3C
ARID3C
PASD1
PASD1
HDX
FOXR2
ZFP92
ACTRT1
ACTRT1
SPIN4
TCP10L
ZNF358
ZFP28
GATA5
GATA5
GATA5
ZBTB46
CTCFL
CTCFL
ZNF280B
ZNF280B
DYDC1
PSMA8
SPINDOC
SPINDOC
SPTY2D1
SPTY2D1
PRICKLE1
ZNF664
ZNF664
E2F7
E2F7
E2F7
GSC
GSC
MESP2
ZSCAN29
ZFP90
ZFP90
ZNF597
ZNF597
ZNF785
ZNF688
ZNF480
ZNF534
ZNF578
ZNF418
ZNF417
ZNF548
ZNF560
ZNF524
ZNF784
ZNF784
ZNF563
SIX5
SIX5
ZNF420
ZNF565
ZNF542P
ZNF582
ZNF583
TICAM1
ZNF599
ZNF558
ZNF98
ZNF98
ZNF738
ZNF714
ZNF714
ZNF681
ZNF555
ZNF569
ZNF570
CREB3L4
CREB3L4
SAMD11
SAMD13
CIART
CIART
HJV
HJV
GLIS1
GLIS1
ZNF362
RNF187
PYHIN1
COMMD7
COMMD7
SIK1
NFAM1
SMYD1
COMMD1
COMMD1
TCF23
TCF23
GDF7
MSL3P1
DTX3L
PYDC2
ZNF827
NFXL1
NFXL1
ZNF595
DAB2IP
DAB2IP
CREBRF
CREBRF
IRX2
IRX2
HDGFL1
ZNF425
ZNF425
ZNF746
ZNF746
NKX6-3
NKX6-3
ZNF483
ZNF782
ZNF782
ZXDB
RHOXF1
RHOXF1
HSFY2
NKX2-3
NKX2-3
ZFPM1
ZFPM1
ZFPM1
ZFP1
ZNF519
ZNF519
ZNF836
ZNF836
ZNF610
ZNF600
ZNF600
ZNF320
ZNF497
ZNF550
ZNF296
ZNF296
DEDD2
ZNF846
OR7D2
ZNF791
ZNF564
ZNF709
ZNF433
ZNF114
ZNF114
ZNF567
ZNF383
EID2
EID2
EID2
ZNF780B
ZNF780B
ZNF676
ZNF676
ZNF100
ZNF100
ZNF540
ZNF540
CITED4
TMPRSS6
TMPRSS6
WBP2NL
PARP15
RNF168
ZBTB49
ZBTB49
ZBTB49
MIER3
ZNF366
ZNF366
OLIG3
OLIG3
ZNF92
ZNF92
ZNF679
ZNF679
THAP5
ZNF467
BHLHA15
BHLHA15
ZNF596
GLIS3
GLIS3
ZNF883
ZNF169
SPIN3
SUPT20HL2
ARX
ARX
SSBP4
DHX36
DHX36
COMMD6
COMMD6
GSX2
ZNF525
ZNF431
ZNF431
ZNF721
ZNF721
ZNF384
ZNF384
ASXL1
ASXL1
ZNF675
ZNF675
SDR16C5
ZNF367
ZNF367
MYRFL
ARID2
ZNF778
NLRC3
ZNF48
ZNF48
ZNF627
DAND5
ZNF585A
ZNF585A
ZNF626
ZNF626
CC2D1B
CC2D1B
CRTC2
CRTC2
FOXD4L1
TET3
TET3
CENPV
CENPV
FLCN
FLCN
FLCN
ZBTB7C
ZBTB7C
ZNF584
ZSCAN4
ZNF449
CDY2B
TRIML2
GSX1
GSX1
SMTNL1
MED19
STOX1
ZNF25
RTKN2
ATOH7
ZNF438
ZNF438
ZNF485
ZNF485
JMJD1C
JMJD1C
BEND6
ZBTB9
ZBTB12
ZBTB12
H2AC1
KDM1B
ZSCAN25
SP8
JAZF1
FOXK1
FOXK1
FOXK1
MTURN
ADGRG3
RFX6
RFX6
RFX6
ZSCAN23
FERD3L
FERD3L
FERD3L
VGLL2
VGLL2
CTAG1A
ZNF396
CDY1B
ZBTB38
ZBTB38
ZBTB38
ZNF620
EBF3
EBF3
BRWD3
LCORL
ZNF718
ZNF718
BCL6B
ZNF549
PTF1A
PTF1A
PTF1A
SCML4
TCERG1L
BCLAF3
ZNF683
TAB3
PYDC1
MAGEA2B
NPAS4
NPAS4
ADGRF1
SSX6P
SSX7
SSX8P
SSX9P
IFNL1
ZNF311
MKX
BCL9L
BCL9L
FOXR1
RCOR2
ZNF740
PROX2
TSSK4
KCTD1
KCTD1
KCTD1
ZNF547
ZIK1
ZNF776
ZSCAN1
ZNF780A
ZNF575
ZNF283
TPRX1
MAMSTR
MAMSTR
ZNF615
ZNF615
ZNF841
ZNF841
ZNF763
ZNF844
ZFP82
NWD1
ZNF493
ZNF493
ZNF875
ZNF875
ZNF326
ZNF326
ZNF619
ZNF621
C3orf33
ZNF852
ZNF660
ZNF454
RGMB
ZNF775
ZNF789
ZNF707
ZFP41
SCAI
FOXD4L3
NLRP2B
LIN9
C14orf39
H2AC21
SNAI3
SNAI3
H3C15
RAB7B
VSX2
VSX2
ZNF181
ZNF260
ZNF546
MYPOP
MYPOP
TFAP2E
TFAP2E
ZNF678
ZNF678
ZFP69
TRIML1
STING1
FAM170A
FAM170A
ZNF680
ZNF680
UNCX
ZNF517
HMX3
ANKRD33
ZNF774
ZKSCAN2
ATXN1L
ATXN1L
ZNF850
ZNF850
LEUTX
ZNF404
ZNF284
ZNF284
ZNF677
RFPL4A
ZSCAN5B
ZSCAN22
PRAMEF5
PRAMEF9
PRAMEF10
BARHL2
BARHL2
MSGN1
MSGN1
FIGLA
NOTO
FOXI3
EVX2
SAMD7
ZNF860
MSANTD1
ZNF879
MCIDAS
ZNF391
ZFP57
MACC1
STRA8
CAVIN4
ZNF81
TBX10
ZNF530
ZNF713
ZNF713
FOXD4L4
ZNF429
ZNF445
ZNF445
ZNF233
IRF2BP2
IRF2BP2
ZBTB41
NANOGNB
H1-9P
H1-9P
H1-9P
ZNF710
ZNF699
ZNF829
ZNF568
ZNF568
ZNF773
AGRN
ZC3H6
ZKSCAN4
SUMO4
RASL11A
KMT5A
KMT5A
NANOGP8
ZNF788P
ZNF728
ZNF790
MEIOSIN
ZNF808
ZNF808
ZNF888
ZNF761
ZNF470
ZNF749
ZNF324B
HES5
HES5
HES5
SP5
SP5
ZNF662
VGLL3
NUPR2
NUPR2
GTF2IRD2B
FEZF1
FEZF1
MAFA
MAFA
MAFA
NKX1-2
BSX
BSX
SKOR1
SKOR1
ONECUT3
ONECUT3
ZNF793
ERFL
ZNF818P
ZNF805
HES3
HES3
PRAMEF12
PRAMEF8
PRAMEF17
HELT
TAF11L2
GDF6
FOXI2
MED11
ZNF880
ZNF772
PRAMEF4
CHCHD10
SYT14P1
ZNF658B
ZNF658B
SOHLH1
ZBTB34
ZBTB34
YY2
YY2
NANOGP1
GTF2H5
MIRLET7C
MIRLET7E
MIRLET7I
MIRLET7I
MIR101-1
MIR1-1
MIR125A
MIR138-1
MIR140
MIR144
MIR154
MIR15A
MIR16-1
MIR19B1
MIR21
MIR26A1
MIR27A
MIR27A
MIR30C2
MIR92A1
LHX8
ZNF705A
DBX2
EIF2AK4
HSBP1L1
ZNF506
ZNF506
ZNF724
ZNF724
PRAMEF11
PRAMEF6
ETV3L
ZNF716
ZNF716
NRARP
PRAMEF7
PRAMEF25
ZNF727
ZNF727
FOXB2
MIR133B
SPIN2B
H2AB2
H2AB1
ARGFX
DPRX
DUXA
SSX4B
H4C15
DHFRP1
MIR181D
ZNF704
ZNF674
ZNF876P
ZNF876P
SCX
SCX
SCX
SCX
ZNF487
BTBD18
BTBD18
ZNF862
ZFP62
ZFP62
DRGX
NKX2-4
PRAMEF33
PRAMEF19
PRAMEF20
SEBOX
ZSCAN5DP
SETSIP
ZNF723
ZNF723
ZNF806
FAM220BP
ASCL5
ANHX
ZSCAN5C
SKOR2
SKOR2
ZBTB8A
NCF1
FOXD4L6
FOXD4L5
H3C13
PRAMEF22
PRAMEF15
ZNF732
ZNF732
ZNF826P
ZNF826P
H2AC19
SSX2B
BHLHA9
RHOXF2B
ZBTB8B
GTF2H2C
OVOL3
CDK11A
DMRTC1B
ZNF736
ZNF736
ZNF705D
ZNF286B
PRAMEF14
ZNF878
ZNF75CP
RFPL4AL1
ZNF814
ZNF814
ZNF726
ACOD1
ZNF735
ZNF735
GTF2H2C_2
RFX8
ZNF705F
DUXB
CDKN2B-AS1
ZSCAN30
HOTAIR
ZGLP1
ZGLP1
MIR892B
ZBTB42
ZBTB42
ZNF730
ZNF730
TCF24
ZNF737
ZNF737
HSFX2
SUPT20HL1
ZNF316
SP9
ZNF705E
ZNF717
ZNF717
ZNF705G
FOXO6
FOXO6
ZNF705B
EPOP
MEF2B
MEF2B
ZNF729
ZNF729
FOXL3-OT1
DUX4
DUX4
ZNF605
ZNF783
ZNF587B
SAP25
ZBED6
ZBED6
ZNF355P
HSFX1
KRBOX1
ZNF865
ZNF559-ZNF177
C8orf44-SGK3
ZNF840P
ZNF840P
ZNF891
HSFX4
HSFX3
PRAMEF27
TLE7
CPHXL
NFILZ
KLF18
ERV3-1-ZNF117
ERV3-1-ZNF117
ZNF765-ZNF761
ZNF660-ZNF197
ZNF660-ZNF197
